{
	"info": {
		"_postman_id": "2a71f20e-2800-444e-8ab4-ed05d4986ef4",
		"name": "HayatAmn",
		"schema": "https://schema.getpostman.com/json/collection/v2.1.0/collection.json"
	},
	"item": [
		{
			"name": "User",
			"item": [
				{
					"name": "check otp",
					"request": {
						"method": "POST",
						"header": [],
						"body": {
							"mode": "raw",
							"raw": "{\r\n    \"mobile\": \"09102972559\",\r\n    \"inputCode\": \"979399\" \r\n}",
							"options": {
								"raw": {
									"language": "json"
								}
							}
						},
						"url": {
							"raw": "192.168.1.114:4012/user/check-otp",
							"host": [
								"192",
								"168",
								"1",
								"114"
							],
							"port": "4012",
							"path": [
								"user",
								"check-otp"
							]
						}
					},
					"response": []
				},
				{
					"name": "send otp",
					"request": {
						"method": "POST",
						"header": [],
						"body": {
							"mode": "raw",
							"raw": "{\r\n    \"mobile\": \"09102972559\"\r\n}",
							"options": {
								"raw": {
									"language": "json"
								}
							}
						},
						"url": {
							"raw": "192.168.1.114:4012/user/send-otp",
							"host": [
								"192",
								"168",
								"1",
								"114"
							],
							"port": "4012",
							"path": [
								"user",
								"send-otp"
							]
						}
					},
					"response": []
				},
				{
					"name": "Register(insert user and inventory)",
					"request": {
						"method": "POST",
						"header": [],
						"body": {
							"mode": "raw",
							"raw": "{\r\n    \"userName\":\"Aylar\",\r\n    \"category\":\"\",\r\n    \"record\":\"Aylar2\",\r\n    \"fname\":\"\",\r\n    \"lname\":\"\",\r\n    \"dname\":\"\",\r\n    \"gname\":\"\",\r\n    \"nname\":\"\",\r\n    \"head\":\"\",\r\n    \"relationship\":\"\",\r\n    \"phone\":\"\",\r\n    \"mobile\":\"\",\r\n    \"addr_province\":\"\",\r\n    \"addr_town\":\"\",\r\n    \"addr_city\":\"\",\r\n    \"addr_village:\":\"\",\r\n    \"addr_street\":\"\",\r\n    \"addr_description\":\"\",\r\n    \"addr_alley\":\"\",\r\n    \"addr_no\":\"\",\r\n    \"addr_floor\":\"\",\r\n    \"addr_unit\":\"\",\r\n    \"addr_postcode\":\"\",\r\n    \"birth_date\":\"\",\r\n    \"nationality\":\"\",\r\n    \"sex\":\"\",\r\n    \"owner\":\"\",\r\n    \"EmploymentStatus\":\"\",\r\n    \"EducationPlace\":\"\",\r\n    \"IsDelete\":\"\",\r\n    \"password\":\"123456789\"\r\n    \r\n}",
							"options": {
								"raw": {
									"language": "json"
								}
							}
						},
						"url": {
							"raw": "192.168.1.114:4012/user/register",
							"host": [
								"192",
								"168",
								"1",
								"114"
							],
							"port": "4012",
							"path": [
								"user",
								"register"
							]
						}
					},
					"response": []
				},
				{
					"name": "Login",
					"request": {
						"method": "POST",
						"header": [],
						"body": {
							"mode": "raw",
							"raw": "{\r\n    \"userName\":\"Aylar\",\r\n    \"record\":\"Aylar2\",\r\n    \"password\":\"123456789\"\r\n}",
							"options": {
								"raw": {
									"language": "json"
								}
							}
						},
						"url": {
							"raw": "192.168.1.114:4012/user/login",
							"host": [
								"192",
								"168",
								"1",
								"114"
							],
							"port": "4012",
							"path": [
								"user",
								"login"
							]
						}
					},
					"response": []
				},
				{
					"name": "Refresh-token",
					"request": {
						"method": "POST",
						"header": [],
						"body": {
							"mode": "raw",
							"raw": "{\r\n            \"accessToken\": \"eyJhbGciOiJIUzI1NiIsInR5cCI6IkpXVCJ9.eyJyZWNvcmQiOiJBeWxhcjMiLCJpYXQiOjE2NTIxNjU4MzEsImV4cCI6MTY1MjE2NjczMX0.V1Ohkc9w63DmoUaRKq8eEKsr5aj5RRfH8QfiwxPqnQM\",\r\n            \"refreshToken\": \"eyJhbGciOiJIUzI1NiIsInR5cCI6IkpXVCJ9.eyJyZWNvcmQiOiJBeWxhcjMiLCJpYXQiOjE2NTIxNjU4MzEsImV4cCI6MTY1MzQ2MTgzMX0.h_qZXCk18v_sQU71onDbUQ7TLlyGEVvD4C6eurf3CUc\"\r\n        }",
							"options": {
								"raw": {
									"language": "json"
								}
							}
						},
						"url": {
							"raw": "192.168.1.114:4012/user/refresh-token",
							"host": [
								"192",
								"168",
								"1",
								"114"
							],
							"port": "4012",
							"path": [
								"user",
								"refresh-token"
							]
						}
					},
					"response": []
				}
			]
		},
		{
			"name": "Insert Inventory",
			"request": {
				"method": "POST",
				"header": [
					{
						"key": "Authorization",
						"value": "bearer eyJhbGciOiJIUzI1NiIsInR5cCI6IkpXVCJ9.eyJyZWNvcmQiOiJBeWxhcjIiLCJpYXQiOjE2NTIxODIzMzYsImV4cCI6MTY1MjE4MzIzNn0.iA46XeK0f8c7nLLaFPlgn-3L7QOyss8WAEThwznC1FQ",
						"type": "text"
					}
				],
				"body": {
					"mode": "raw",
					"raw": "{\r\n    \"userName\":\"Aylar\",\r\n    \"category\":\"\",\r\n    \"record\":\"Aylar2\",\r\n    \"fname\":\"\",\r\n    \"lname\":\"\",\r\n    \"dname\":\"\",\r\n    \"gname\":\"\",\r\n    \"nname\":\"\",\r\n    \"head\":\"\",\r\n    \"relationship\":\"\",\r\n    \"phone\":\"\",\r\n    \"mobile\":\"\",\r\n    \"addr_province\":\"\",\r\n    \"addr_town\":\"\",\r\n    \"addr_city\":\"\",\r\n    \"addr_village:\":\"\",\r\n    \"addr_street\":\"\",\r\n    \"addr_description\":\"\",\r\n    \"addr_alley\":\"\",\r\n    \"addr_no\":\"\",\r\n    \"addr_floor\":\"\",\r\n    \"addr_unit\":\"\",\r\n    \"addr_postcode\":\"\",\r\n    \"birth_date\":\"\",\r\n    \"nationality\":\"\",\r\n    \"sex\":\"\",\r\n    \"owner\":\"\",\r\n    \"EmploymentStatus\":\"\",\r\n    \"EducationPlace\":\"\",\r\n    \"IsDelete\":\"\",\r\n    \"password\":\"123456789\"\r\n    \r\n}",
					"options": {
						"raw": {
							"language": "json"
						}
					}
				},
				"url": {
					"raw": "192.168.1.114:4012/user/inset-inventory",
					"host": [
						"192",
						"168",
						"1",
						"114"
					],
					"port": "4012",
					"path": [
						"user",
						"inset-inventory"
					]
				}
			},
			"response": []
		}
	]
}